-- phpMyAdmin SQL Dump
-- version 5.1.1
-- https://www.phpmyadmin.net/
--
-- Hôte : 127.0.0.1:3306
-- Généré le : lun. 18 juil. 2022 à 00:21
-- Version du serveur : 5.7.36
-- Version de PHP : 7.4.26

SET SQL_MODE = "NO_AUTO_VALUE_ON_ZERO";
START TRANSACTION;
SET time_zone = "+00:00";


/*!40101 SET @OLD_CHARACTER_SET_CLIENT=@@CHARACTER_SET_CLIENT */;
/*!40101 SET @OLD_CHARACTER_SET_RESULTS=@@CHARACTER_SET_RESULTS */;
/*!40101 SET @OLD_COLLATION_CONNECTION=@@COLLATION_CONNECTION */;
/*!40101 SET NAMES utf8mb4 */;

--
-- Base de données : `user_aflokkat`
--

-- --------------------------------------------------------

--
-- Structure de la table `command`
--

DROP TABLE IF EXISTS `command`;
CREATE TABLE IF NOT EXISTS `command` (
  `id` int(10) UNSIGNED NOT NULL AUTO_INCREMENT,
  `title` varchar(30) COLLATE utf8mb4_unicode_ci NOT NULL,
  `label` varchar(30) COLLATE utf8mb4_unicode_ci NOT NULL,
  `type` varchar(35) COLLATE utf8mb4_unicode_ci NOT NULL,
  `payment` varchar(35) COLLATE utf8mb4_unicode_ci NOT NULL,
  `date` datetime NOT NULL DEFAULT CURRENT_TIMESTAMP,
  `user_id` int(8) NOT NULL,
  PRIMARY KEY (`id`)
) ENGINE=MyISAM AUTO_INCREMENT=239 DEFAULT CHARSET=utf8mb4 COLLATE=utf8mb4_unicode_ci;

--
-- Déchargement des données de la table `command`
--

INSERT INTO `command` (`id`, `title`, `label`, `type`, `payment`, `date`, `user_id`) VALUES
(122, 'az', 'azaz', '', '', '2022-07-14 16:48:50', 58),
(123, 'az', 'azaz', '', '', '2022-07-14 16:48:50', 58),
(124, 'az', 'azaz', '', '', '2022-07-14 16:48:50', 58),
(125, 'az', 'azaz', '', '', '2022-07-14 16:48:50', 58),
(126, 'az', 'azaz', '', '', '2022-07-14 16:48:51', 58),
(127, 'az', 'azaz', '', '', '2022-07-14 16:48:51', 58),
(128, 'az', 'azaz', '', '', '2022-07-14 16:48:51', 58),
(129, 'az', 'azaz', '', '', '2022-07-14 16:48:51', 58),
(130, 'az', 'azaz', '', '', '2022-07-14 16:48:52', 58),
(131, 'aze', 'azaaa', '', '', '2022-07-14 17:22:41', 58),
(132, 'aze', 'azaaa', '', '', '2022-07-14 17:22:41', 58),
(133, 'aze', 'azaaa', '', '', '2022-07-14 17:22:41', 58),
(134, 'aze', 'azaaa', '', '', '2022-07-14 17:22:41', 58),
(135, 'aze', 'azaaa', '', '', '2022-07-14 17:22:41', 58),
(136, 'aze', 'azaaa', '', '', '2022-07-14 17:22:42', 58),
(137, 'aze', 'azaaa', '', '', '2022-07-14 17:22:42', 58),
(138, 'aze', 'azaaa', '', '', '2022-07-14 17:22:42', 58),
(139, 'aze', 'azaaa', '', '', '2022-07-14 17:22:42', 58),
(140, 'aze', 'azaaa', '', '', '2022-07-14 17:22:42', 58),
(141, 'aze', 'azaaa', '', '', '2022-07-14 17:22:43', 58),
(142, 'aze', 'azaaa', '', '', '2022-07-14 17:22:43', 58),
(143, 'aze', 'azaaa', '', '', '2022-07-14 17:22:43', 58),
(144, 'aze', 'azaaa', '', '', '2022-07-14 17:22:43', 58),
(145, 'aze', 'azaaa', '', '', '2022-07-14 17:22:43', 58),
(146, 'aze', 'azaaa', '', '', '2022-07-14 17:22:44', 58),
(147, 'aze', 'azaaa', '', '', '2022-07-14 17:22:44', 58),
(148, 'aze', 'azaaa', '', '', '2022-07-14 17:22:44', 58),
(149, 'aze', 'azaaa', '', '', '2022-07-14 17:22:44', 58),
(150, 'aze', 'azaaa', '', '', '2022-07-14 17:22:44', 58),
(151, 'aze', 'azaaa', '', '', '2022-07-14 17:22:44', 58),
(152, 'aze', 'azaaa', '', '', '2022-07-14 17:22:44', 58),
(153, 'aze', 'azaaa', '', '', '2022-07-14 17:22:45', 58),
(154, 'aze', 'azaaa', '', '', '2022-07-14 17:22:45', 58),
(155, 'aze', 'azaaa', '', '', '2022-07-14 17:22:45', 58),
(156, 'aze', 'azaaa', '', '', '2022-07-14 17:22:45', 58),
(157, 'aze', 'azaaa', '', '', '2022-07-14 17:22:45', 58),
(158, 'aze', 'azaaa', '', '', '2022-07-14 17:22:45', 58),
(159, 'aze', 'azaaa', '', '', '2022-07-14 17:22:46', 58),
(160, 'aze', 'azaaa', '', '', '2022-07-14 17:22:46', 58),
(161, 'aze', 'azaaa', '', '', '2022-07-14 17:22:46', 58),
(162, 'aze', 'azaaa', '', '', '2022-07-14 17:22:46', 58),
(163, 'aze', 'azaaa', '', '', '2022-07-14 17:22:46', 58),
(164, 'aze', 'azaaa', '', '', '2022-07-14 17:22:46', 58),
(165, 'aze', 'azaaa', '', '', '2022-07-14 17:22:47', 58),
(166, 'aze', 'azaaa', '', '', '2022-07-14 17:22:47', 58),
(167, 'aze', 'azaaa', '', '', '2022-07-14 17:22:47', 58),
(168, 'aze', 'azaaa', '', '', '2022-07-14 17:22:47', 58),
(169, 'aze', 'azaaa', '', '', '2022-07-14 17:22:47', 58),
(170, 'aze', 'azaaa', '', '', '2022-07-14 17:22:47', 58),
(171, 'aze', 'azaaa', '', '', '2022-07-14 17:22:48', 58),
(172, 'aze', 'az', '', '', '2022-07-14 17:23:05', 58),
(173, 'aze', 'az', '', '', '2022-07-14 17:23:05', 58),
(174, 'aze', 'az', '', '', '2022-07-14 17:23:05', 58),
(175, 'aze', 'az', '', '', '2022-07-14 17:23:06', 58),
(176, 'aze', 'az', '', '', '2022-07-14 17:23:06', 58),
(177, 'aze', 'az', '', '', '2022-07-14 17:23:06', 58),
(178, 'aze', 'az', '', '', '2022-07-14 17:23:06', 58),
(179, 'aze', 'az', '', '', '2022-07-14 17:23:06', 58),
(180, 'aze', 'az', '', '', '2022-07-14 17:23:06', 58),
(181, 'aze', 'az', '', '', '2022-07-14 17:23:07', 58),
(182, 'aze', 'az', '', '', '2022-07-14 17:23:07', 58),
(183, 'aze', 'az', '', '', '2022-07-14 17:23:07', 58),
(184, 'aze', 'az', '', '', '2022-07-14 17:23:07', 58),
(185, 'aze', 'az', '', '', '2022-07-14 17:23:07', 58),
(186, 'aze', 'az', '', '', '2022-07-14 17:23:07', 58),
(187, 'aze', 'az', '', '', '2022-07-14 17:23:07', 58),
(188, 'aze', 'az', '', '', '2022-07-14 17:23:08', 58),
(189, 'aze', 'az', '', '', '2022-07-14 17:23:08', 58),
(190, 'aze', 'az', '', '', '2022-07-14 17:23:08', 58),
(191, 'aze', 'az', '', '', '2022-07-14 17:23:08', 58),
(192, 'aze', 'az', '', '', '2022-07-14 17:23:08', 58),
(193, 'aze', 'az', '', '', '2022-07-14 17:23:08', 58),
(194, 'aze', 'az', '', '', '2022-07-14 17:23:09', 58),
(195, 'aze', 'az', '', '', '2022-07-14 17:23:09', 58),
(196, 'aze', 'az', '', '', '2022-07-14 17:23:09', 58),
(197, 'aze', 'az', '', '', '2022-07-14 17:23:09', 58),
(198, 'aze', 'az', '', '', '2022-07-14 17:23:09', 58),
(199, 'aze', 'az', '', '', '2022-07-14 17:23:09', 58),
(200, 'aze', 'az', '', '', '2022-07-14 17:23:09', 58),
(201, 'aze', 'az', '', '', '2022-07-14 17:23:10', 58),
(202, 'aze', 'az', '', '', '2022-07-14 17:23:10', 58),
(203, 'aze', 'az', '', '', '2022-07-14 17:23:10', 58),
(204, 'aze', 'az', '', '', '2022-07-14 17:23:10', 58),
(205, 'aze', 'az', '', '', '2022-07-14 17:23:10', 58),
(206, 'aze', 'az', '', '', '2022-07-14 17:23:10', 58),
(207, 'aze', 'az', '', '', '2022-07-14 17:23:11', 58),
(208, 'aze', 'az', '', '', '2022-07-14 17:23:11', 58),
(209, 'aze', 'az', '', '', '2022-07-14 17:23:23', 58),
(210, 'aze', 'az', '', '', '2022-07-14 17:23:23', 58),
(211, 'aze', 'az', '', '', '2022-07-14 17:23:23', 58),
(212, 'aze', 'az', '', '', '2022-07-14 17:23:23', 58),
(213, 'aze', 'az', '', '', '2022-07-14 17:23:23', 58),
(214, 'aze', 'az', '', '', '2022-07-14 17:23:24', 58),
(215, 'aze', 'az', '', '', '2022-07-14 17:23:24', 58),
(216, 'aze', 'az', '', '', '2022-07-14 17:23:24', 58),
(217, 'aze', 'az', '', '', '2022-07-14 17:23:24', 58),
(218, 'aze', 'az', '', '', '2022-07-14 17:23:24', 58),
(219, 'aze', 'az', '', '', '2022-07-14 17:23:24', 58),
(220, 'aze', 'az', '', '', '2022-07-14 17:23:25', 58),
(221, 'aze', 'az', '', '', '2022-07-14 17:23:25', 58),
(222, 'aze', 'az', '', '', '2022-07-14 17:23:25', 58),
(223, 'aze', 'az', '', '', '2022-07-14 17:23:25', 58),
(224, 'aze', 'az', '', '', '2022-07-14 17:23:25', 58),
(225, 'aze', 'az', '', '', '2022-07-14 17:23:25', 58),
(226, 'aze', 'az', '', '', '2022-07-14 17:23:25', 58),
(227, 'aze', 'az', '', '', '2022-07-14 17:23:26', 58),
(228, 'aze', 'az', '', '', '2022-07-14 17:23:26', 58),
(229, 'aze', 'az', '', '', '2022-07-14 17:23:26', 58),
(230, 'aze', 'az', '', '', '2022-07-14 17:23:26', 58),
(231, 'aze', 'az', '', '', '2022-07-14 17:23:26', 58),
(232, 'aze', 'az', '', '', '2022-07-14 17:23:26', 58),
(233, 'aze', 'az', '', '', '2022-07-14 17:23:27', 58),
(234, 'aze', 'az', '', '', '2022-07-14 17:23:27', 58),
(235, 'az', 'a', '', '', '2022-07-14 17:49:15', 58),
(236, 'aaz', 'aaz', 'sur-place', '[\"CB\"]', '2022-07-16 00:15:35', 58),
(237, 'az', 'az', 'a-emporter', '[\"CB\",\"ESPECES\",\"CHEQUES\"]', '2022-07-16 01:04:43', 58),
(238, 'a', 'a', 'a-emporter', '[\"CB\"]', '2022-07-16 03:05:10', 58);

-- --------------------------------------------------------

--
-- Structure de la table `log`
--

DROP TABLE IF EXISTS `log`;
CREATE TABLE IF NOT EXISTS `log` (
  `log_id` int(8) UNSIGNED NOT NULL AUTO_INCREMENT,
  `user_id` int(15) NOT NULL,
  `date` datetime DEFAULT NULL,
  PRIMARY KEY (`log_id`)
) ENGINE=InnoDB AUTO_INCREMENT=6 DEFAULT CHARSET=utf8mb4 COLLATE=utf8mb4_unicode_ci;

--
-- Déchargement des données de la table `log`
--

INSERT INTO `log` (`log_id`, `user_id`, `date`) VALUES
(1, 58, '2022-07-16 11:43:22'),
(2, 58, '2022-07-16 11:44:39'),
(3, 58, '2022-07-16 11:44:42'),
(4, 58, '2022-07-16 11:44:44'),
(5, 58, '2022-07-16 11:44:51');

-- --------------------------------------------------------

--
-- Structure de la table `log_sms`
--

DROP TABLE IF EXISTS `log_sms`;
CREATE TABLE IF NOT EXISTS `log_sms` (
  `id` int(10) UNSIGNED NOT NULL AUTO_INCREMENT,
  `user_id` int(11) NOT NULL,
  `code` int(5) NOT NULL,
  `state` int(8) NOT NULL DEFAULT '0',
  PRIMARY KEY (`id`)
) ENGINE=MyISAM AUTO_INCREMENT=73 DEFAULT CHARSET=utf8mb4 COLLATE=utf8mb4_unicode_ci;

--
-- Déchargement des données de la table `log_sms`
--

INSERT INTO `log_sms` (`id`, `user_id`, `code`, `state`) VALUES
(72, 58, 1372, 1),
(71, 58, 9330, 1),
(70, 58, 2015, 1),
(69, 58, 4275, 1),
(68, 58, 5702, 1);

-- --------------------------------------------------------

--
-- Structure de la table `rdv`
--

DROP TABLE IF EXISTS `rdv`;
CREATE TABLE IF NOT EXISTS `rdv` (
  `id` int(10) UNSIGNED NOT NULL AUTO_INCREMENT,
  `expert_id` int(8) NOT NULL,
  `user_id` int(11) NOT NULL,
  `time_slot_id` int(8) NOT NULL,
  `booked_date` datetime NOT NULL DEFAULT CURRENT_TIMESTAMP,
  PRIMARY KEY (`id`)
) ENGINE=InnoDB AUTO_INCREMENT=13 DEFAULT CHARSET=utf8mb4 COLLATE=utf8mb4_unicode_ci;

--
-- Déchargement des données de la table `rdv`
--

INSERT INTO `rdv` (`id`, `expert_id`, `user_id`, `time_slot_id`, `booked_date`) VALUES
(1, 134, 58, 2, '2022-07-16 02:45:20'),
(2, 134, 58, 2, '2022-07-16 02:45:57'),
(3, 134, 58, 2, '2022-07-16 02:46:32'),
(4, 54, 58, 1, '2022-07-16 02:47:26'),
(5, 54, 58, 1, '2022-07-16 02:48:10'),
(6, 12, 58, 23, '2022-07-16 02:53:21'),
(7, 12, 58, 23, '2022-07-16 02:54:45'),
(8, 12, 58, 23, '2022-07-16 02:57:14'),
(9, 1, 58, 2, '2022-07-16 03:01:55'),
(10, 23, 58, 1, '2022-07-16 04:08:40'),
(11, 2312, 58, 545, '2022-07-16 04:10:24'),
(12, 12, 58, 2, '2022-07-16 11:52:44');

-- --------------------------------------------------------

--
-- Structure de la table `request`
--

DROP TABLE IF EXISTS `request`;
CREATE TABLE IF NOT EXISTS `request` (
  `id` int(10) UNSIGNED NOT NULL AUTO_INCREMENT,
  `user_id` int(11) NOT NULL,
  `hash` varchar(40) COLLATE utf8mb4_unicode_ci NOT NULL,
  `state` int(11) NOT NULL DEFAULT '0',
  PRIMARY KEY (`id`)
) ENGINE=MyISAM AUTO_INCREMENT=44 DEFAULT CHARSET=utf8mb4 COLLATE=utf8mb4_unicode_ci;

--
-- Déchargement des données de la table `request`
--

INSERT INTO `request` (`id`, `user_id`, `hash`, `state`) VALUES
(29, 52, 'Ios1g%D50F780Bz$dKZjCaje0T1DnN', 1),
(28, 52, 'Zspp12jHf2Tz39JYaV2gD!YPA!NaBT', 1),
(27, 52, 'sPWKHJTg78XWu1DPhm9wSkalQx26JH', 1),
(26, 52, 'e@q8eh@t9$Oi578dKkJ@OO@444mNgW', 1),
(25, 52, 'I$ZP4R9p%JTKx?lIE6DL@9UrQh0y6z', 1),
(24, 52, 'tWvnFh$i0t1HMClylOrJxD6NFEWYt1', 1),
(23, 52, 'g3Zc4zyv8C@egSz7XdTI9K?aY9!2Yr', 1),
(22, 52, 'B1zYiYY7MHfn?CEnr9yfORBy@z0ZmN', 1),
(21, 52, 'NL8vA$FnI97@Y!cmF08JZpq8ZGNdht', 1),
(20, 52, 'TM15fqcKT%25DY2ah4Xqrb9Q?8wflx', 1),
(19, 52, 'bP58Kw0waSXAdd2K3egs0ORZ5kuOTu', 1),
(18, 52, '$9Yg$#0K1$Gd1WoHGzh8a2y%QUi6xu', 1),
(30, 52, '0?4pw?UaRGBI3pHkpoS?N%Q8Mf3HA%', 1),
(31, 54, 'ivm3nM7EZMh4!C9I2$vH!uX8K014GK', 1),
(32, 54, 'hZGShvGcfTi?DMuP7!vSJkMdD7q!?O', 1),
(33, 54, 'D?s6fY5e@1uYSLxLpWlvuIXPxCX0Ab', 1),
(34, 54, 'z4HXs%TY1WWsBxvNGD8ZsydyqOEV1b', 1),
(35, 54, '77%mIoG$Zindu?jiydO!H8BGhsjuyf', 1),
(36, 52, 'N5EpB$Gnnt9gPucf@K$!K4rnYB$dTm', 1),
(37, 54, 'sKOGam?NQLCD5TTk7IYEVlDhKhKaMU', 1),
(38, 54, '!GLjjVH3Cb$um1bRGc$nXD6js?wMUc', 1),
(39, 54, 'R9uC?wpNJI7Td233HuyxP@x?NQkehd', 1),
(40, 54, 'S51@c12Bek!BG5oy6z0eziFanQCGea', 1),
(41, 58, 'BfXxqTpN3OrhBoGoFjIAXSaBrXQ0Qc', 1),
(42, 58, 'ttyyiS37v4euZl7qsLJMAhruPByZVn', 1),
(43, 58, 'Du4y?U3q5vRVTxu3SqkaNIKmyZef0K', 1);

-- --------------------------------------------------------

--
-- Structure de la table `time_slot`
--

DROP TABLE IF EXISTS `time_slot`;
CREATE TABLE IF NOT EXISTS `time_slot` (
  `id` int(10) UNSIGNED NOT NULL AUTO_INCREMENT,
  `weekday` longtext COLLATE utf8mb4_unicode_ci NOT NULL,
  `hour` longtext COLLATE utf8mb4_unicode_ci NOT NULL,
  PRIMARY KEY (`id`)
) ENGINE=InnoDB AUTO_INCREMENT=53 DEFAULT CHARSET=utf8mb4 COLLATE=utf8mb4_unicode_ci;

--
-- Déchargement des données de la table `time_slot`
--

INSERT INTO `time_slot` (`id`, `weekday`, `hour`) VALUES
(1, '[\"monday\",\"tuesday\",\"wednesday\",\"thursday\",\"friday\",\"saturday\",\"sunday\"]', '[\"8:20\",\"8:40\",\"9:00\",\"9:20\",\"9:40\",\"10:00\",\"10:20\",\"10:40\",\"11:00\",\"11:20\",\"11:40\",\"12:00\",\"14:00\",\"14:20\",\"14:40\",\"15:00\",\"15:20\",\"15:40\",\"16:00\",\"16:20\",\"16:40\",\"17:00\",\"17:20\",\"17:40\",\"18:00\"]'),
(2, '[\"monday\",\"tuesday\",\"wednesday\",\"thursday\",\"friday\",\"saturday\",\"sunday\"]', '[\"8:40\",\"9:00\",\"9:20\",\"9:40\",\"10:00\",\"10:20\",\"10:40\",\"11:00\",\"11:20\",\"11:40\",\"12:00\",\"14:00\",\"14:20\",\"14:40\",\"15:00\",\"15:20\",\"15:40\",\"16:00\",\"16:20\",\"16:40\",\"17:00\",\"17:20\",\"17:40\",\"18:00\"]'),
(3, '[\"monday\",\"tuesday\",\"wednesday\",\"thursday\",\"friday\",\"saturday\",\"sunday\"]', '[\"8:20\",\"8:40\",\"9:00\",\"9:20\",\"9:40\",\"10:00\",\"10:20\",\"10:40\",\"11:00\",\"11:20\",\"11:40\",\"12:00\",\"14:00\",\"14:20\",\"14:40\",\"15:00\",\"15:20\",\"15:40\",\"16:00\",\"16:20\",\"16:40\",\"17:00\",\"17:20\",\"17:40\",\"18:00\"]'),
(4, '[\"monday\",\"tuesday\",\"wednesday\",\"thursday\",\"friday\",\"saturday\",\"sunday\"]', '[\"8:20\",\"8:40\",\"9:00\",\"9:20\",\"9:40\",\"10:00\",\"10:20\",\"10:40\",\"11:00\",\"11:20\",\"11:40\",\"12:00\",\"14:00\",\"14:20\",\"14:40\",\"15:00\",\"15:20\",\"15:40\",\"16:00\",\"16:20\",\"16:40\",\"17:00\",\"17:20\",\"17:40\",\"18:00\"]'),
(5, '[\"monday\",\"tuesday\",\"wednesday\",\"thursday\",\"friday\",\"saturday\",\"sunday\"]', '[\"8:20\",\"8:40\",\"9:00\",\"9:20\",\"9:40\",\"10:00\",\"10:20\",\"10:40\",\"11:00\",\"11:20\",\"11:40\",\"12:00\",\"14:00\",\"14:20\",\"14:40\",\"15:00\",\"15:20\",\"15:40\",\"16:00\",\"16:20\",\"16:40\",\"17:00\",\"17:20\",\"17:40\",\"18:00\"]'),
(6, '[\"monday\",\"tuesday\",\"wednesday\",\"thursday\",\"friday\",\"saturday\",\"sunday\"]', '[\"8:20\",\"8:40\",\"9:00\",\"9:20\",\"9:40\",\"10:00\",\"10:20\",\"10:40\",\"11:00\",\"11:20\",\"11:40\",\"12:00\",\"14:00\",\"14:20\",\"14:40\",\"15:00\",\"15:20\",\"15:40\",\"16:00\",\"16:20\",\"16:40\",\"17:00\",\"17:20\",\"17:40\",\"18:00\"]'),
(7, '[\"monday\",\"tuesday\",\"wednesday\",\"thursday\",\"friday\",\"saturday\",\"sunday\"]', '[\"8:20\",\"8:40\",\"9:00\",\"9:20\",\"9:40\",\"10:00\",\"10:20\",\"10:40\",\"11:00\",\"11:20\",\"11:40\",\"12:00\",\"14:00\",\"14:20\",\"14:40\",\"15:00\",\"15:20\",\"15:40\",\"16:00\",\"16:20\",\"16:40\",\"17:00\",\"17:20\",\"17:40\",\"18:00\"]'),
(8, '[\"monday\",\"tuesday\",\"wednesday\",\"thursday\",\"friday\",\"saturday\",\"sunday\"]', '[\"8:20\",\"8:40\",\"9:00\",\"9:20\",\"9:40\",\"10:00\",\"10:20\",\"10:40\",\"11:00\",\"11:20\",\"11:40\",\"12:00\",\"14:00\",\"14:20\",\"14:40\",\"15:00\",\"15:20\",\"15:40\",\"16:00\",\"16:20\",\"16:40\",\"17:00\",\"17:20\",\"17:40\",\"18:00\"]'),
(9, '[\"monday\",\"tuesday\",\"wednesday\",\"thursday\",\"friday\",\"saturday\",\"sunday\"]', '[\"8:20\",\"8:40\",\"9:00\",\"9:20\",\"9:40\",\"10:00\",\"10:20\",\"10:40\",\"11:00\",\"11:20\",\"11:40\",\"12:00\",\"14:00\",\"14:20\",\"14:40\",\"15:00\",\"15:20\",\"15:40\",\"16:00\",\"16:20\",\"16:40\",\"17:00\",\"17:20\",\"17:40\",\"18:00\"]'),
(10, '[\"monday\",\"tuesday\",\"wednesday\",\"thursday\",\"friday\",\"saturday\",\"sunday\"]', '[\"8:20\",\"8:40\",\"9:00\",\"9:20\",\"9:40\",\"10:00\",\"10:20\",\"10:40\",\"11:00\",\"11:20\",\"11:40\",\"12:00\",\"14:00\",\"14:20\",\"14:40\",\"15:00\",\"15:20\",\"15:40\",\"16:00\",\"16:20\",\"16:40\",\"17:00\",\"17:20\",\"17:40\",\"18:00\"]'),
(11, '[\"monday\",\"tuesday\",\"wednesday\",\"thursday\",\"friday\",\"saturday\",\"sunday\"]', '[\"8:20\",\"8:40\",\"9:00\",\"9:20\",\"9:40\",\"10:00\",\"10:20\",\"10:40\",\"11:00\",\"11:20\",\"11:40\",\"12:00\",\"14:00\",\"14:20\",\"14:40\",\"15:00\",\"15:20\",\"15:40\",\"16:00\",\"16:20\",\"16:40\",\"17:00\",\"17:20\",\"17:40\",\"18:00\"]'),
(12, '[\"monday\",\"tuesday\",\"wednesday\",\"thursday\",\"friday\",\"saturday\",\"sunday\"]', '[\"8:20\",\"8:40\",\"9:00\",\"9:20\",\"9:40\",\"10:00\",\"10:20\",\"10:40\",\"11:00\",\"11:20\",\"11:40\",\"12:00\",\"14:00\",\"14:20\",\"14:40\",\"15:00\",\"15:20\",\"15:40\",\"16:00\",\"16:20\",\"16:40\",\"17:00\",\"17:20\",\"17:40\",\"18:00\"]'),
(13, '[\"monday\",\"tuesday\",\"wednesday\",\"thursday\",\"friday\",\"saturday\",\"sunday\"]', '[\"8:20\",\"8:40\",\"9:00\",\"9:20\",\"9:40\",\"10:00\",\"10:20\",\"10:40\",\"11:00\",\"11:20\",\"11:40\",\"12:00\",\"14:00\",\"14:20\",\"14:40\",\"15:00\",\"15:20\",\"15:40\",\"16:00\",\"16:20\",\"16:40\",\"17:00\",\"17:20\",\"17:40\",\"18:00\"]'),
(14, '[\"monday\",\"tuesday\",\"wednesday\",\"thursday\",\"friday\",\"saturday\",\"sunday\"]', '[\"8:20\",\"8:40\",\"9:00\",\"9:20\",\"9:40\",\"10:00\",\"10:20\",\"10:40\",\"11:00\",\"11:20\",\"11:40\",\"12:00\",\"14:00\",\"14:20\",\"14:40\",\"15:00\",\"15:20\",\"15:40\",\"16:00\",\"16:20\",\"16:40\",\"17:00\",\"17:20\",\"17:40\",\"18:00\"]'),
(15, '[\"monday\",\"tuesday\",\"wednesday\",\"thursday\",\"friday\",\"saturday\",\"sunday\"]', '[\"8:20\",\"8:40\",\"9:00\",\"9:20\",\"9:40\",\"10:00\",\"10:20\",\"10:40\",\"11:00\",\"11:20\",\"11:40\",\"12:00\",\"14:00\",\"14:20\",\"14:40\",\"15:00\",\"15:20\",\"15:40\",\"16:00\",\"16:20\",\"16:40\",\"17:00\",\"17:20\",\"17:40\",\"18:00\"]'),
(16, '[\"monday\",\"tuesday\",\"wednesday\",\"thursday\",\"friday\",\"saturday\",\"sunday\"]', '[\"8:20\",\"8:40\",\"9:00\",\"9:20\",\"9:40\",\"10:00\",\"10:20\",\"10:40\",\"11:00\",\"11:20\",\"11:40\",\"12:00\",\"14:00\",\"14:20\",\"14:40\",\"15:00\",\"15:20\",\"15:40\",\"16:00\",\"16:20\",\"16:40\",\"17:00\",\"17:20\",\"17:40\",\"18:00\"]'),
(17, '[\"monday\",\"tuesday\",\"wednesday\",\"thursday\",\"friday\",\"saturday\",\"sunday\"]', '[\"8:20\",\"8:40\",\"9:00\",\"9:20\",\"9:40\",\"10:00\",\"10:20\",\"10:40\",\"11:00\",\"11:20\",\"11:40\",\"12:00\",\"14:00\",\"14:20\",\"14:40\",\"15:00\",\"15:20\",\"15:40\",\"16:00\",\"16:20\",\"16:40\",\"17:00\",\"17:20\",\"17:40\",\"18:00\"]'),
(18, '[\"monday\",\"tuesday\",\"wednesday\",\"thursday\",\"friday\",\"saturday\",\"sunday\"]', '[\"8:20\",\"8:40\",\"9:00\",\"9:20\",\"9:40\",\"10:00\",\"10:20\",\"10:40\",\"11:00\",\"11:20\",\"11:40\",\"12:00\",\"14:00\",\"14:20\",\"14:40\",\"15:00\",\"15:20\",\"15:40\",\"16:00\",\"16:20\",\"16:40\",\"17:00\",\"17:20\",\"17:40\",\"18:00\"]'),
(19, '[\"monday\",\"tuesday\",\"wednesday\",\"thursday\",\"friday\",\"saturday\",\"sunday\"]', '[\"8:20\",\"8:40\",\"9:00\",\"9:20\",\"9:40\",\"10:00\",\"10:20\",\"10:40\",\"11:00\",\"11:20\",\"11:40\",\"12:00\",\"14:00\",\"14:20\",\"14:40\",\"15:00\",\"15:20\",\"15:40\",\"16:00\",\"16:20\",\"16:40\",\"17:00\",\"17:20\",\"17:40\",\"18:00\"]'),
(20, '[\"monday\",\"tuesday\",\"wednesday\",\"thursday\",\"friday\",\"saturday\",\"sunday\"]', '[\"8:20\",\"8:40\",\"9:00\",\"9:20\",\"9:40\",\"10:00\",\"10:20\",\"10:40\",\"11:00\",\"11:20\",\"11:40\",\"12:00\",\"14:00\",\"14:20\",\"14:40\",\"15:00\",\"15:20\",\"15:40\",\"16:00\",\"16:20\",\"16:40\",\"17:00\",\"17:20\",\"17:40\",\"18:00\"]'),
(21, '[\"monday\",\"tuesday\",\"wednesday\",\"thursday\",\"friday\",\"saturday\",\"sunday\"]', '[\"8:20\",\"8:40\",\"9:00\",\"9:20\",\"9:40\",\"10:00\",\"10:20\",\"10:40\",\"11:00\",\"11:20\",\"11:40\",\"12:00\",\"14:00\",\"14:20\",\"14:40\",\"15:00\",\"15:20\",\"15:40\",\"16:00\",\"16:20\",\"16:40\",\"17:00\",\"17:20\",\"17:40\",\"18:00\"]'),
(22, '[\"monday\",\"tuesday\",\"wednesday\",\"thursday\",\"friday\",\"saturday\",\"sunday\"]', '[\"8:20\",\"8:40\",\"9:00\",\"9:20\",\"9:40\",\"10:00\",\"10:20\",\"10:40\",\"11:00\",\"11:20\",\"11:40\",\"12:00\",\"14:00\",\"14:20\",\"14:40\",\"15:00\",\"15:20\",\"15:40\",\"16:00\",\"16:20\",\"16:40\",\"17:00\",\"17:20\",\"17:40\",\"18:00\"]'),
(23, '[\"monday\",\"tuesday\",\"wednesday\",\"thursday\",\"friday\",\"saturday\",\"sunday\"]', '[\"8:20\",\"8:40\",\"9:00\",\"9:20\",\"9:40\",\"10:00\",\"10:20\",\"10:40\",\"11:00\",\"11:20\",\"11:40\",\"12:00\",\"14:00\",\"14:20\",\"14:40\",\"15:00\",\"15:20\",\"15:40\",\"16:00\",\"16:20\",\"16:40\",\"17:00\",\"17:20\",\"17:40\",\"18:00\"]'),
(24, '[\"monday\",\"tuesday\",\"wednesday\",\"thursday\",\"friday\",\"saturday\",\"sunday\"]', '[\"8:20\",\"8:40\",\"9:00\",\"9:20\",\"9:40\",\"10:00\",\"10:20\",\"10:40\",\"11:00\",\"11:20\",\"11:40\",\"12:00\",\"14:00\",\"14:20\",\"14:40\",\"15:00\",\"15:20\",\"15:40\",\"16:00\",\"16:20\",\"16:40\",\"17:00\",\"17:20\",\"17:40\",\"18:00\"]'),
(25, '[\"monday\",\"tuesday\",\"wednesday\",\"thursday\",\"friday\",\"saturday\",\"sunday\"]', '[\"8:20\",\"8:40\",\"9:00\",\"9:20\",\"9:40\",\"10:00\",\"10:20\",\"10:40\",\"11:00\",\"11:20\",\"11:40\",\"12:00\",\"14:00\",\"14:20\",\"14:40\",\"15:00\",\"15:20\",\"15:40\",\"16:00\",\"16:20\",\"16:40\",\"17:00\",\"17:20\",\"17:40\",\"18:00\"]'),
(26, '[\"monday\",\"tuesday\",\"wednesday\",\"thursday\",\"friday\",\"saturday\",\"sunday\"]', '[\"8:20\",\"8:40\",\"9:00\",\"9:20\",\"9:40\",\"10:00\",\"10:20\",\"10:40\",\"11:00\",\"11:20\",\"11:40\",\"12:00\",\"14:00\",\"14:20\",\"14:40\",\"15:00\",\"15:20\",\"15:40\",\"16:00\",\"16:20\",\"16:40\",\"17:00\",\"17:20\",\"17:40\",\"18:00\"]'),
(27, '[\"monday\",\"tuesday\",\"wednesday\",\"thursday\",\"friday\",\"saturday\",\"sunday\"]', '[\"8:20\",\"8:40\",\"9:00\",\"9:20\",\"9:40\",\"10:00\",\"10:20\",\"10:40\",\"11:00\",\"11:20\",\"11:40\",\"12:00\",\"14:00\",\"14:20\",\"14:40\",\"15:00\",\"15:20\",\"15:40\",\"16:00\",\"16:20\",\"16:40\",\"17:00\",\"17:20\",\"17:40\",\"18:00\"]'),
(28, '[\"monday\",\"tuesday\",\"wednesday\",\"thursday\",\"friday\",\"saturday\",\"sunday\"]', '[\"8:20\",\"8:40\",\"9:00\",\"9:20\",\"9:40\",\"10:00\",\"10:20\",\"10:40\",\"11:00\",\"11:20\",\"11:40\",\"12:00\",\"14:00\",\"14:20\",\"14:40\",\"15:00\",\"15:20\",\"15:40\",\"16:00\",\"16:20\",\"16:40\",\"17:00\",\"17:20\",\"17:40\",\"18:00\"]'),
(29, '[\"monday\",\"tuesday\",\"wednesday\",\"thursday\",\"friday\",\"saturday\",\"sunday\"]', '[\"8:20\",\"8:40\",\"9:00\",\"9:20\",\"9:40\",\"10:00\",\"10:20\",\"10:40\",\"11:00\",\"11:20\",\"11:40\",\"12:00\",\"14:00\",\"14:20\",\"14:40\",\"15:00\",\"15:20\",\"15:40\",\"16:00\",\"16:20\",\"16:40\",\"17:00\",\"17:20\",\"17:40\",\"18:00\"]'),
(30, '[\"monday\",\"tuesday\",\"wednesday\",\"thursday\",\"friday\",\"saturday\",\"sunday\"]', '[\"8:20\",\"8:40\",\"9:00\",\"9:20\",\"9:40\",\"10:00\",\"10:20\",\"10:40\",\"11:00\",\"11:20\",\"11:40\",\"12:00\",\"14:00\",\"14:20\",\"14:40\",\"15:00\",\"15:20\",\"15:40\",\"16:00\",\"16:20\",\"16:40\",\"17:00\",\"17:20\",\"17:40\",\"18:00\"]'),
(31, '[\"monday\",\"tuesday\",\"wednesday\",\"thursday\",\"friday\",\"saturday\",\"sunday\"]', '[\"8:20\",\"8:40\",\"9:00\",\"9:20\",\"9:40\",\"10:00\",\"10:20\",\"10:40\",\"11:00\",\"11:20\",\"11:40\",\"12:00\",\"14:00\",\"14:20\",\"14:40\",\"15:00\",\"15:20\",\"15:40\",\"16:00\",\"16:20\",\"16:40\",\"17:00\",\"17:20\",\"17:40\",\"18:00\"]'),
(32, '[\"monday\",\"tuesday\",\"wednesday\",\"thursday\",\"friday\",\"saturday\",\"sunday\"]', '[\"8:20\",\"8:40\",\"9:00\",\"9:20\",\"9:40\",\"10:00\",\"10:20\",\"10:40\",\"11:00\",\"11:20\",\"11:40\",\"12:00\",\"14:00\",\"14:20\",\"14:40\",\"15:00\",\"15:20\",\"15:40\",\"16:00\",\"16:20\",\"16:40\",\"17:00\",\"17:20\",\"17:40\",\"18:00\"]'),
(33, '[\"monday\",\"tuesday\",\"wednesday\",\"thursday\",\"friday\",\"saturday\",\"sunday\"]', '[\"8:20\",\"8:40\",\"9:00\",\"9:20\",\"9:40\",\"10:00\",\"10:20\",\"10:40\",\"11:00\",\"11:20\",\"11:40\",\"12:00\",\"14:00\",\"14:20\",\"14:40\",\"15:00\",\"15:20\",\"15:40\",\"16:00\",\"16:20\",\"16:40\",\"17:00\",\"17:20\",\"17:40\",\"18:00\"]'),
(34, '[\"monday\",\"tuesday\",\"wednesday\",\"thursday\",\"friday\",\"saturday\",\"sunday\"]', '[\"8:20\",\"8:40\",\"9:00\",\"9:20\",\"9:40\",\"10:00\",\"10:20\",\"10:40\",\"11:00\",\"11:20\",\"11:40\",\"12:00\",\"14:00\",\"14:20\",\"14:40\",\"15:00\",\"15:20\",\"15:40\",\"16:00\",\"16:20\",\"16:40\",\"17:00\",\"17:20\",\"17:40\",\"18:00\"]'),
(35, '[\"monday\",\"tuesday\",\"wednesday\",\"thursday\",\"friday\",\"saturday\",\"sunday\"]', '[\"8:20\",\"8:40\",\"9:00\",\"9:20\",\"9:40\",\"10:00\",\"10:20\",\"10:40\",\"11:00\",\"11:20\",\"11:40\",\"12:00\",\"14:00\",\"14:20\",\"14:40\",\"15:00\",\"15:20\",\"15:40\",\"16:00\",\"16:20\",\"16:40\",\"17:00\",\"17:20\",\"17:40\",\"18:00\"]'),
(36, '[\"monday\",\"tuesday\",\"wednesday\",\"thursday\",\"friday\",\"saturday\",\"sunday\"]', '[\"8:20\",\"8:40\",\"9:00\",\"9:20\",\"9:40\",\"10:00\",\"10:20\",\"10:40\",\"11:00\",\"11:20\",\"11:40\",\"12:00\",\"14:00\",\"14:20\",\"14:40\",\"15:00\",\"15:20\",\"15:40\",\"16:00\",\"16:20\",\"16:40\",\"17:00\",\"17:20\",\"17:40\",\"18:00\"]'),
(37, '[\"monday\",\"tuesday\",\"wednesday\",\"thursday\",\"friday\",\"saturday\",\"sunday\"]', '[\"8:20\",\"8:40\",\"9:00\",\"9:20\",\"9:40\",\"10:00\",\"10:20\",\"10:40\",\"11:00\",\"11:20\",\"11:40\",\"12:00\",\"14:00\",\"14:20\",\"14:40\",\"15:00\",\"15:20\",\"15:40\",\"16:00\",\"16:20\",\"16:40\",\"17:00\",\"17:20\",\"17:40\",\"18:00\"]'),
(38, '[\"monday\",\"tuesday\",\"wednesday\",\"thursday\",\"friday\",\"saturday\",\"sunday\"]', '[\"8:20\",\"8:40\",\"9:00\",\"9:20\",\"9:40\",\"10:00\",\"10:20\",\"10:40\",\"11:00\",\"11:20\",\"11:40\",\"12:00\",\"14:00\",\"14:20\",\"14:40\",\"15:00\",\"15:20\",\"15:40\",\"16:00\",\"16:20\",\"16:40\",\"17:00\",\"17:20\",\"17:40\",\"18:00\"]'),
(39, '[\"monday\",\"tuesday\",\"wednesday\",\"thursday\",\"friday\",\"saturday\",\"sunday\"]', '[\"8:20\",\"8:40\",\"9:00\",\"9:20\",\"9:40\",\"10:00\",\"10:20\",\"10:40\",\"11:00\",\"11:20\",\"11:40\",\"12:00\",\"14:00\",\"14:20\",\"14:40\",\"15:00\",\"15:20\",\"15:40\",\"16:00\",\"16:20\",\"16:40\",\"17:00\",\"17:20\",\"17:40\",\"18:00\"]'),
(40, '[\"monday\",\"tuesday\",\"wednesday\",\"thursday\",\"friday\",\"saturday\",\"sunday\"]', '[\"8:20\",\"8:40\",\"9:00\",\"9:20\",\"9:40\",\"10:00\",\"10:20\",\"10:40\",\"11:00\",\"11:20\",\"11:40\",\"12:00\",\"14:00\",\"14:20\",\"14:40\",\"15:00\",\"15:20\",\"15:40\",\"16:00\",\"16:20\",\"16:40\",\"17:00\",\"17:20\",\"17:40\",\"18:00\"]'),
(41, '[\"monday\",\"tuesday\",\"wednesday\",\"thursday\",\"friday\",\"saturday\",\"sunday\"]', '[\"8:20\",\"8:40\",\"9:00\",\"9:20\",\"9:40\",\"10:00\",\"10:20\",\"10:40\",\"11:00\",\"11:20\",\"11:40\",\"12:00\",\"14:00\",\"14:20\",\"14:40\",\"15:00\",\"15:20\",\"15:40\",\"16:00\",\"16:20\",\"16:40\",\"17:00\",\"17:20\",\"17:40\",\"18:00\"]'),
(42, '[\"monday\",\"tuesday\",\"wednesday\",\"thursday\",\"friday\",\"saturday\",\"sunday\"]', '[\"8:20\",\"8:40\",\"9:00\",\"9:20\",\"9:40\",\"10:00\",\"10:20\",\"10:40\",\"11:00\",\"11:20\",\"11:40\",\"12:00\",\"14:00\",\"14:20\",\"14:40\",\"15:00\",\"15:20\",\"15:40\",\"16:00\",\"16:20\",\"16:40\",\"17:00\",\"17:20\",\"17:40\",\"18:00\"]'),
(43, '[\"monday\",\"tuesday\",\"wednesday\",\"thursday\",\"friday\",\"saturday\",\"sunday\"]', '[\"8:20\",\"8:40\",\"9:00\",\"9:20\",\"9:40\",\"10:00\",\"10:20\",\"10:40\",\"11:00\",\"11:20\",\"11:40\",\"12:00\",\"14:00\",\"14:20\",\"14:40\",\"15:00\",\"15:20\",\"15:40\",\"16:00\",\"16:20\",\"16:40\",\"17:00\",\"17:20\",\"17:40\",\"18:00\"]'),
(44, '[\"monday\",\"tuesday\",\"wednesday\",\"thursday\",\"friday\",\"saturday\",\"sunday\"]', '[\"8:20\",\"8:40\",\"9:00\",\"9:20\",\"9:40\",\"10:00\",\"10:20\",\"10:40\",\"11:00\",\"11:20\",\"11:40\",\"12:00\",\"14:00\",\"14:20\",\"14:40\",\"15:00\",\"15:20\",\"15:40\",\"16:00\",\"16:20\",\"16:40\",\"17:00\",\"17:20\",\"17:40\",\"18:00\"]'),
(45, '[\"monday\",\"tuesday\",\"wednesday\",\"thursday\",\"friday\",\"saturday\",\"sunday\"]', '[\"8:20\",\"8:40\",\"9:00\",\"9:20\",\"9:40\",\"10:00\",\"10:20\",\"10:40\",\"11:00\",\"11:20\",\"11:40\",\"12:00\",\"14:00\",\"14:20\",\"14:40\",\"15:00\",\"15:20\",\"15:40\",\"16:00\",\"16:20\",\"16:40\",\"17:00\",\"17:20\",\"17:40\",\"18:00\"]'),
(46, '[\"monday\",\"tuesday\",\"wednesday\",\"thursday\",\"friday\",\"saturday\",\"sunday\"]', '[\"8:20\",\"8:40\",\"9:00\",\"9:20\",\"9:40\",\"10:00\",\"10:20\",\"10:40\",\"11:00\",\"11:20\",\"11:40\",\"12:00\",\"14:00\",\"14:20\",\"14:40\",\"15:00\",\"15:20\",\"15:40\",\"16:00\",\"16:20\",\"16:40\",\"17:00\",\"17:20\",\"17:40\",\"18:00\"]'),
(47, '[\"monday\",\"tuesday\",\"wednesday\",\"thursday\",\"friday\",\"saturday\",\"sunday\"]', '[\"8:20\",\"8:40\",\"9:00\",\"9:20\",\"9:40\",\"10:00\",\"10:20\",\"10:40\",\"11:00\",\"11:20\",\"11:40\",\"12:00\",\"14:00\",\"14:20\",\"14:40\",\"15:00\",\"15:20\",\"15:40\",\"16:00\",\"16:20\",\"16:40\",\"17:00\",\"17:20\",\"17:40\",\"18:00\"]'),
(48, '[\"monday\",\"tuesday\",\"wednesday\",\"thursday\",\"friday\",\"saturday\",\"sunday\"]', '[\"8:20\",\"8:40\",\"9:00\",\"9:20\",\"9:40\",\"10:00\",\"10:20\",\"10:40\",\"11:00\",\"11:20\",\"11:40\",\"12:00\",\"14:00\",\"14:20\",\"14:40\",\"15:00\",\"15:20\",\"15:40\",\"16:00\",\"16:20\",\"16:40\",\"17:00\",\"17:20\",\"17:40\",\"18:00\"]'),
(49, '[\"monday\",\"tuesday\",\"wednesday\",\"thursday\",\"friday\",\"saturday\",\"sunday\"]', '[\"8:20\",\"8:40\",\"9:00\",\"9:20\",\"9:40\",\"10:00\",\"10:20\",\"10:40\",\"11:00\",\"11:20\",\"11:40\",\"12:00\",\"14:00\",\"14:20\",\"14:40\",\"15:00\",\"15:20\",\"15:40\",\"16:00\",\"16:20\",\"16:40\",\"17:00\",\"17:20\",\"17:40\",\"18:00\"]'),
(50, '[\"monday\",\"tuesday\",\"wednesday\",\"thursday\",\"friday\",\"saturday\",\"sunday\"]', '[\"8:20\",\"8:40\",\"9:00\",\"9:20\",\"9:40\",\"10:00\",\"10:20\",\"10:40\",\"11:00\",\"11:20\",\"11:40\",\"12:00\",\"14:00\",\"14:20\",\"14:40\",\"15:00\",\"15:20\",\"15:40\",\"16:00\",\"16:20\",\"16:40\",\"17:00\",\"17:20\",\"17:40\",\"18:00\"]'),
(51, '[\"monday\",\"tuesday\",\"wednesday\",\"thursday\",\"friday\",\"saturday\",\"sunday\"]', '[\"8:20\",\"8:40\",\"9:00\",\"9:20\",\"9:40\",\"10:00\",\"10:20\",\"10:40\",\"11:00\",\"11:20\",\"11:40\",\"12:00\",\"14:00\",\"14:20\",\"14:40\",\"15:00\",\"15:20\",\"15:40\",\"16:00\",\"16:20\",\"16:40\",\"17:00\",\"17:20\",\"17:40\",\"18:00\"]'),
(52, '[\"monday\",\"tuesday\",\"wednesday\",\"thursday\",\"friday\",\"saturday\",\"sunday\"]', '[\"8:20\",\"8:40\",\"9:00\",\"9:20\",\"9:40\",\"10:00\",\"10:20\",\"10:40\",\"11:00\",\"11:20\",\"11:40\",\"12:00\",\"14:00\",\"14:20\",\"14:40\",\"15:00\",\"15:20\",\"15:40\",\"16:00\",\"16:20\",\"16:40\",\"17:00\",\"17:20\",\"17:40\",\"18:00\"]');

-- --------------------------------------------------------

--
-- Structure de la table `user`
--

DROP TABLE IF EXISTS `user`;
CREATE TABLE IF NOT EXISTS `user` (
  `id` int(6) UNSIGNED NOT NULL AUTO_INCREMENT,
  `login` varchar(30) COLLATE utf8mb4_unicode_ci NOT NULL,
  `nom` varchar(30) COLLATE utf8mb4_unicode_ci NOT NULL,
  `prenom` varchar(30) COLLATE utf8mb4_unicode_ci NOT NULL,
  `type` varchar(30) COLLATE utf8mb4_unicode_ci NOT NULL,
  `password` varchar(150) COLLATE utf8mb4_unicode_ci NOT NULL,
  `pwdExp` datetime DEFAULT NULL,
  `created_date` datetime NOT NULL DEFAULT CURRENT_TIMESTAMP,
  `hash` varchar(40) COLLATE utf8mb4_unicode_ci NOT NULL,
  PRIMARY KEY (`id`)
) ENGINE=InnoDB AUTO_INCREMENT=59 DEFAULT CHARSET=utf8mb4 COLLATE=utf8mb4_unicode_ci;

--
-- Déchargement des données de la table `user`
--

INSERT INTO `user` (`id`, `login`, `nom`, `prenom`, `type`, `password`, `pwdExp`, `created_date`, `hash`) VALUES
(58, 'a@a.a', 's', 'a', 'emporter', '$2y$10$sihBa4PCgn4SNpQktD4J6eLhJ7H/cNzj91s.5.keYRZuhdzCfaO.6', '2022-07-18 00:00:00', '2022-07-11 20:12:41', '!BjyOz1DMl5D9pMtIiV6@QZfhmOPnJ');
COMMIT;

/*!40101 SET CHARACTER_SET_CLIENT=@OLD_CHARACTER_SET_CLIENT */;
/*!40101 SET CHARACTER_SET_RESULTS=@OLD_CHARACTER_SET_RESULTS */;
/*!40101 SET COLLATION_CONNECTION=@OLD_COLLATION_CONNECTION */;
